Id,PostTypeId,CreationDate,Tags
"53361757","2","2018-11-18 14:05:28",""
"53361758","1","2018-11-18 14:05:32","<javascript><firebase><firebase-authentication><google-signin><firebaseui>"
"53361760","1","2018-11-18 14:05:39","<c++><class><constructor><header>"
"53361762","1","2018-11-18 14:05:47","<reactjs><redux>"
"53361763","1","2018-11-18 14:05:55","<javafx><checkbox><tableview>"
"53361764","1","2018-11-18 14:06:01","<aws-lambda><amazon-cloudformation><amazon-cloudwatchlogs><aws-sam>"
"53361765","1","2018-11-18 14:06:04","<python><c++><c><python-3.x>"
"53361766","1","2018-11-18 14:06:04","<python><text><printing>"
"53361767","2","2018-11-18 14:06:18",""
"53361770","2","2018-11-18 14:06:45",""
"53361771","1","2018-11-18 14:06:57","<python-3.x><debugging><visual-studio-code>"
"53361774","2","2018-11-18 14:07:10",""
"53361775","2","2018-11-18 14:07:18",""
"53361777","2","2018-11-18 14:07:48",""
"53361779","2","2018-11-18 14:08:08",""
"53361781","1","2018-11-18 14:08:19","<angular>"
"53361783","1","2018-11-18 14:08:32","<javascript>"
"53361784","1","2018-11-18 14:08:52","<ios><swift><uitableview><uiscrollview><uitextview>"
"53361785","1","2018-11-18 14:09:01","<java><file><arraylist>"
"53361786","2","2018-11-18 14:09:01",""
"53361787","2","2018-11-18 14:09:04",""
"53361789","1","2018-11-18 14:09:14","<javascript><html>"
"53361790","2","2018-11-18 14:09:18",""
"53361792","1","2018-11-18 14:09:57","<linux><asp.net-core><azure-active-directory><asp.net-core-2.0>"
"53361793","2","2018-11-18 14:09:58",""
"53361794","1","2018-11-18 14:09:59","<r><string><vector>"
"53361795","1","2018-11-18 14:10:26","<c#><registry>"
"53361797","2","2018-11-18 14:10:48",""
"53361798","2","2018-11-18 14:10:48",""
"53361799","2","2018-11-18 14:10:53",""
"53361800","2","2018-11-18 14:11:10",""
"53361801","2","2018-11-18 14:11:14",""
"53361802","2","2018-11-18 14:11:18",""
"53361803","2","2018-11-18 14:11:26",""
"53361804","1","2018-11-18 14:11:27","<python>"
"53361805","2","2018-11-18 14:11:29",""
"53361806","1","2018-11-18 14:11:34","<assembly><x86-64>"
"53361807","2","2018-11-18 14:11:39",""
"53361809","1","2018-11-18 14:11:59","<php><date><createfile>"
"53361810","2","2018-11-18 14:12:16",""
"53361812","2","2018-11-18 14:12:38",""
"53361814","1","2018-11-18 14:12:48","<android><google-maps><kotlin>"
"53452948","2","2018-11-23 21:07:00",""
"53452949","2","2018-11-23 21:07:08",""
"53452950","2","2018-11-23 21:07:10",""
"53452951","2","2018-11-23 21:07:17",""
"53452952","2","2018-11-23 21:07:18",""
"53452953","2","2018-11-23 21:07:42",""
"53452954","2","2018-11-23 21:07:44",""
"53452955","1","2018-11-23 21:07:52","<c#><smartcard><x509>"
"53452956","1","2018-11-23 21:08:04","<python><arrays>"
"53452958","2","2018-11-23 21:08:46",""
"53452959","1","2018-11-23 21:09:04","<syntax><comparison><vhdl><variable-assignment><ambiguous>"
"53452960","1","2018-11-23 21:09:27","<c#><formatting><resharper>"
"53452961","1","2018-11-23 21:09:29","<string><assembly><reverse><x86-16>"
"53452962","1","2018-11-23 21:09:31","<image><api><object><coordinates><analysis>"
"53452966","1","2018-11-23 21:09:50","<javascript><reactjs><typescript><jsx>"
"53452968","2","2018-11-23 21:10:06",""
"53452969","2","2018-11-23 21:10:22",""
"53452970","1","2018-11-23 21:10:22","<mariadb><database-performance>"
"53452971","1","2018-11-23 21:10:39","<javascript><html><iframe><printing><dojo>"
"53452972","2","2018-11-23 21:10:53",""
"53452973","1","2018-11-23 21:10:55","<php><datetime><jira>"
"53452974","2","2018-11-23 21:11:18",""
"53452975","1","2018-11-23 21:11:18","<java><android><google-maps>"
"53452976","2","2018-11-23 21:11:38",""
"53452977","2","2018-11-23 21:11:43",""
"53452978","2","2018-11-23 21:11:45",""
"53452979","2","2018-11-23 21:11:47",""
"53452983","2","2018-11-23 21:12:25",""
"53452984","2","2018-11-23 21:12:36",""
"53452985","1","2018-11-23 21:12:45","<java><netbeans-8>"
"53452986","2","2018-11-23 21:12:46",""
"53452987","1","2018-11-23 21:12:47","<ruby-on-rails><ruby-on-rails-5>"
"53452989","2","2018-11-23 21:13:04",""
"53452990","2","2018-11-23 21:13:06",""
"53452991","2","2018-11-23 21:13:07",""
"53452992","2","2018-11-23 21:13:19",""
"53452993","2","2018-11-23 21:13:33",""
"53452994","2","2018-11-23 21:13:36",""
"53452995","2","2018-11-23 21:13:46",""
"53452997","2","2018-11-23 21:13:49",""
"53453000","2","2018-11-23 21:14:02",""
"53453003","2","2018-11-23 21:14:10",""
"53453004","2","2018-11-23 21:14:10",""
"53453006","1","2018-11-23 21:14:30","<java><spring-mvc><spring-boot><swagger-2.0>"
"53453007","2","2018-11-23 21:14:37",""
"53453008","2","2018-11-23 21:14:38",""
"53453009","1","2018-11-23 21:14:42","<sql><oracle><pivot><oracle12c>"
"53453011","2","2018-11-23 21:14:58",""
"53453012","2","2018-11-23 21:15:06",""
"53453013","2","2018-11-23 21:15:08",""
"53453014","1","2018-11-23 21:15:09","<c#><unity3d><3d>"
"53548295","2","2018-11-29 22:04:21",""
"53548296","1","2018-11-29 22:04:25","<javascript><html>"
"53548297","2","2018-11-29 22:04:35",""
"53548298","2","2018-11-29 22:04:41",""
"53548299","1","2018-11-29 22:04:42","<rx-java2>"
"53548300","2","2018-11-29 22:04:43",""
"53548301","2","2018-11-29 22:04:47",""
"53548303","2","2018-11-29 22:04:49",""
"53548305","2","2018-11-29 22:05:06",""
"53548306","2","2018-11-29 22:05:11",""
"53548308","1","2018-11-29 22:05:20","<scala><apache><apache-flink>"
"53548309","2","2018-11-29 22:05:21",""
"53548310","1","2018-11-29 22:05:21","<javascript><arrays><recursion><ecmascript-6>"
"53548311","2","2018-11-29 22:05:28",""
"53548312","1","2018-11-29 22:05:32","<javascript><python><api>"
"53548314","2","2018-11-29 22:05:56",""
"53548315","2","2018-11-29 22:05:58",""
"53548316","1","2018-11-29 22:05:58","<c++><intellij-idea><clion>"
"53548318","2","2018-11-29 22:06:07",""
"51149581","1","2018-07-03 08:08:23","<javascript><src>"
"51149583","2","2018-07-03 08:08:30",""
"51149584","2","2018-07-03 08:08:32",""
"51149586","2","2018-07-03 08:08:44",""
"51149587","2","2018-07-03 08:08:45",""
"51149588","2","2018-07-03 08:08:46",""
"51149589","1","2018-07-03 08:08:47","<python-3.x><scikit-learn><k-means>"
"51149590","1","2018-07-03 08:08:49","<uwp><uwp-xaml>"
"51149591","2","2018-07-03 08:08:54",""
"51149592","1","2018-07-03 08:09:14","<swift>"
"51149593","1","2018-07-03 08:09:16","<c#>"
"51149594","2","2018-07-03 08:09:17",""
"51149595","1","2018-07-03 08:09:17","<sql><sql-server><count>"
"51149596","1","2018-07-03 08:09:28","<android><android-layout><android-progressbar>"
"51149597","1","2018-07-03 08:09:33","<git><fetch><git-checkout>"
"51149598","1","2018-07-03 08:09:43","<javascript><html><reactjs><react-native>"
"51149599","1","2018-07-03 08:09:43","<django><django-rest-framework>"
"51149600","1","2018-07-03 08:09:48","<c#><wpf><xaml><window><fullscreen>"
"51149603","1","2018-07-03 08:09:56","<java><httpurlconnection><classcastexception><powermockito><urlconnection>"
"51149604","2","2018-07-03 08:09:56",""
"51149605","2","2018-07-03 08:09:59",""
"51149606","2","2018-07-03 08:10:00",""
"51149607","2","2018-07-03 08:10:01",""
"51149608","1","2018-07-03 08:10:04","<jquery><hide>"
"51149609","1","2018-07-03 08:10:11","<ruby><algorithm><matching><bipartite>"
"51149610","1","2018-07-03 08:10:14","<.net><vb.net><arguments>"
"51149611","2","2018-07-03 08:10:21",""
"51149612","1","2018-07-03 08:10:24","<php><mysql><arrays><json><multidimensional-array>"
"51149613","2","2018-07-03 08:10:27",""
"51149614","2","2018-07-03 08:10:27",""
"51149615","2","2018-07-03 08:10:30",""
"51149616","2","2018-07-03 08:10:31",""
"51149617","2","2018-07-03 08:10:36",""
"51149618","2","2018-07-03 08:10:39",""
"51149619","2","2018-07-03 08:10:40",""
"51149621","1","2018-07-03 08:10:49","<java><spring><web><model-view-controller><resources>"
"51149622","1","2018-07-03 08:10:58","<asp.net-mvc><model-view-controller><bootstrap-modal>"
"51149624","2","2018-07-03 08:11:01",""
"51149625","1","2018-07-03 08:11:11","<ios><swift><uisegmentedcontrol>"
"51149626","1","2018-07-03 08:11:13","<c#><unity3d>"
"51149628","1","2018-07-03 08:11:14","<android><firebase><push-notification><firebase-cloud-messaging>"
"51149629","2","2018-07-03 08:11:15",""
"51149630","2","2018-07-03 08:11:16",""
"51149631","2","2018-07-03 08:11:19",""
"51149632","1","2018-07-03 08:11:22","<wso2><wso2esb>"
"51149634","1","2018-07-03 08:11:26","<spring><spring-boot>"
"51149635","2","2018-07-03 08:11:26",""
"51149638","1","2018-07-03 08:11:40","<python><pip>"
"51149639","1","2018-07-03 08:11:42","<asp.net><asp.net-core-mvc><asp.net-core-2.0>"
"51149640","1","2018-07-03 08:11:51","<ios><nsdate><nsdateformatter><nstimezone>"
"51149641","1","2018-07-03 08:11:57","<c#><unity3d><button>"
"51149643","2","2018-07-03 08:12:03",""
"51149645","1","2018-07-03 08:12:17","<plugins><eclipse-plugin><editor><eclipse-cdt><plugin.xml>"
"51149646","2","2018-07-03 08:12:17",""
"51149647","2","2018-07-03 08:12:21",""
"51149648","2","2018-07-03 08:12:24",""
"51149649","1","2018-07-03 08:12:26","<c#><azure><asp.net-web-api><azure-application-insights><actionfilterattribute>"
"51149650","2","2018-07-03 08:12:29",""
"51149652","2","2018-07-03 08:12:34",""
"51149653","2","2018-07-03 08:12:36",""
"51149654","2","2018-07-03 08:12:37",""
"51149655","2","2018-07-03 08:12:40",""
"51149657","2","2018-07-03 08:12:46",""
"51149660","2","2018-07-03 08:12:55",""
"51149661","2","2018-07-03 08:12:56",""
"51149663","1","2018-07-03 08:13:07","<javascript><reactjs><gulp>"
"51149665","2","2018-07-03 08:13:10",""
"51149666","2","2018-07-03 08:13:13",""
"51149667","1","2018-07-03 08:13:13","<node.js><api>"
"51149670","2","2018-07-03 08:13:22",""
"51149671","2","2018-07-03 08:13:24",""
"51149672","1","2018-07-03 08:13:25","<javascript><c#><visual-studio>"
"51149673","1","2018-07-03 08:13:26","<javascript><arrays>"
"51149674","2","2018-07-03 08:13:30",""
"51149676","2","2018-07-03 08:13:36",""
"51149679","1","2018-07-03 08:13:46","<amazon-web-services>"
"51149680","1","2018-07-03 08:13:55","<python><python-3.x><discord><discord.py>"
"51149681","2","2018-07-03 08:13:59",""
"51149682","2","2018-07-03 08:14:03",""
"51149684","2","2018-07-03 08:14:12",""
"51149685","2","2018-07-03 08:14:13",""
"51149686","1","2018-07-03 08:14:21","<maven><maven-3><maven-plugin><maven-archetype>"
"51149687","2","2018-07-03 08:14:22",""
"51149688","1","2018-07-03 08:14:25","<uiview><sprite-kit>"
"51151009","2","2018-07-03 09:26:02",""
"51151011","2","2018-07-03 09:26:07",""
"51151013","2","2018-07-03 09:26:18",""
"51151014","2","2018-07-03 09:26:22",""
"51151015","1","2018-07-03 09:26:45","<python><json><python-3.x><list><dictionary>"
"51151016","1","2018-07-03 09:26:46","<c++><wrapper><linear-algebra><eigen>"
"51151017","2","2018-07-03 09:26:50",""
"51151019","1","2018-07-03 09:26:52","<office365><azure-active-directory><exchange-server>"
"51151020","2","2018-07-03 09:26:58",""
"51151021","2","2018-07-03 09:27:03",""
"51151023","2","2018-07-03 09:27:07",""
"51151024","2","2018-07-03 09:27:09",""
"51151025","1","2018-07-03 09:27:10","<typo3><extbase>"
"51151026","2","2018-07-03 09:27:15",""
"51151027","2","2018-07-03 09:27:18",""
"51151028","2","2018-07-03 09:27:18",""
"51151030","2","2018-07-03 09:27:21",""
"51151031","2","2018-07-03 09:27:22",""
"51151032","2","2018-07-03 09:27:24",""
"51151033","2","2018-07-03 09:27:26",""
"51151034","1","2018-07-03 09:27:26","<ios><swift><uinavigationcontroller><uitabbarcontroller>"
"51151035","2","2018-07-03 09:27:26",""
"51151036","1","2018-07-03 09:27:27","<php><ios><woocommerce>"
"51151038","2","2018-07-03 09:27:29",""
"51151039","1","2018-07-03 09:27:31","<ios><swift><uitableview><uitabbarcontroller>"
"51151040","1","2018-07-03 09:27:32","<.net><asp.net-core><.net-core><asp.net-core-2.0>"
"51151041","1","2018-07-03 09:27:34","<plsql>"
"51151042","2","2018-07-03 09:27:35",""
"51151044","2","2018-07-03 09:27:41",""
"51151045","2","2018-07-03 09:27:45",""
"51151047","2","2018-07-03 09:27:50",""
"51151048","2","2018-07-03 09:27:51",""
"51151049","1","2018-07-03 09:27:54","<r><pdf><datatable><shiny><download>"
"51151050","2","2018-07-03 09:27:55",""
"51151052","2","2018-07-03 09:27:58",""
"51151053","2","2018-07-03 09:28:00",""
"51151054","2","2018-07-03 09:28:00",""
"51151055","1","2018-07-03 09:28:04","<android><android-recyclerview>"
"51151057","2","2018-07-03 09:28:05",""
"51151058","1","2018-07-03 09:28:10","<wordpress><archive><categories><taxonomy-terms><custom-field-type>"
"51151059","2","2018-07-03 09:28:13",""
"51151060","2","2018-07-03 09:28:14",""
"51151061","1","2018-07-03 09:28:18","<ecmascript-6><closures>"
"51151062","2","2018-07-03 09:28:20",""
"51151063","1","2018-07-03 09:28:25","<javascript><jquery><datatables>"
"51151066","1","2018-07-03 09:28:36","<java><swing><jbutton>"
"51151068","2","2018-07-03 09:28:47",""
"51151069","2","2018-07-03 09:28:49",""
"51151070","2","2018-07-03 09:28:53",""
"51151071","1","2018-07-03 09:28:57","<c#><bitmap><image-manipulation><bmp>"
"51151073","2","2018-07-03 09:29:00",""
"51151074","2","2018-07-03 09:29:02",""
"51151075","1","2018-07-03 09:29:03","<reactjs><material-ui><redux-form>"
"51151076","2","2018-07-03 09:29:04",""
"51151077","2","2018-07-03 09:29:12",""
"51151078","1","2018-07-03 09:29:14","<python><pandas>"
"51151079","2","2018-07-03 09:29:18",""
"51151081","1","2018-07-03 09:29:22","<reactjs>"
"51151082","2","2018-07-03 09:29:23",""
"51151083","2","2018-07-03 09:29:23",""
"51151084","2","2018-07-03 09:29:26",""
"51151087","2","2018-07-03 09:29:30",""
"51151088","2","2018-07-03 09:29:33",""
"51151091","2","2018-07-03 09:29:35",""
"51151092","2","2018-07-03 09:29:37",""
"51151095","2","2018-07-03 09:29:46",""
"51151096","2","2018-07-03 09:29:48",""
"51151097","1","2018-07-03 09:29:49","<ios><swift><mapbox>"
"51151098","1","2018-07-03 09:29:53","<c++><vector><stl><erase>"
"51151099","1","2018-07-03 09:29:54","<jquery><json><ajax><codeigniter-3>"
"51151100","1","2018-07-03 09:29:55","<php><laravel><laravel-blade>"
"51151101","2","2018-07-03 09:29:57",""
"51151102","2","2018-07-03 09:30:12",""
"51151103","1","2018-07-03 09:30:13","<android><android-fragments><timer>"
"51151104","2","2018-07-03 09:30:18",""
"51151105","2","2018-07-03 09:30:20",""
"51151107","1","2018-07-03 09:30:27","<r><shiny>"
"51151108","2","2018-07-03 09:30:33",""
"51151111","2","2018-07-03 09:30:42",""
"51151112","2","2018-07-03 09:30:44",""
"51151113","2","2018-07-03 09:30:49",""
"51151114","2","2018-07-03 09:30:50",""
"51151115","1","2018-07-03 09:30:55","<jquery><asp.net-mvc-4><paypal><paypal-sandbox>"
"51151118","1","2018-07-03 09:30:58","<vba><excel>"
"51151119","1","2018-07-03 09:31:00","<ios><swift3><uicollectionview><uicollectionviewcell><uicollectionviewlayout>"
"51151120","1","2018-07-03 09:31:13","<f#>"
"51151121","1","2018-07-03 09:31:15","<reactjs><webpack><webpack-dev-server><webpack-serve>"
"51151123","2","2018-07-03 09:31:20",""
"51151124","2","2018-07-03 09:31:20",""
"51151125","1","2018-07-03 09:31:22","<java><excel><apache-poi><xssf>"
"51151127","2","2018-07-03 09:31:24",""
"51151128","1","2018-07-03 09:31:24","<c#><windows><voice-recognition><dictation>"
"51151129","2","2018-07-03 09:31:25",""
"51151130","2","2018-07-03 09:31:31",""
"51151131","1","2018-07-03 09:31:32","<windows><batch-file><cmd><proxy><internet-options>"
"51151134","1","2018-07-03 09:31:41","<kibana><kibana-5>"
"51151135","2","2018-07-03 09:31:44",""
"51151136","1","2018-07-03 09:31:45","<php><mysql><sql><ajax><mysqli>"
"51151138","1","2018-07-03 09:31:54","<ios><swift>"
"51151139","5","2018-07-03 09:31:56",""
"51151140","4","2018-07-03 09:31:56",""
"51151142","1","2018-07-03 09:31:57","<php><pdf><encryption>"
"51151143","2","2018-07-03 09:32:02",""
"51151144","1","2018-07-03 09:32:04","<mysql><sql><ruby-on-rails><postgresql><activerecord>"
"51151145","1","2018-07-03 09:32:05","<javascript><jquery><syntax><line-breaks>"
"51151146","1","2018-07-03 09:32:12","<c>"
"51151147","1","2018-07-03 09:32:16","<r><sapply><mapply>"
"51151150","2","2018-07-03 09:32:34",""
"51151151","2","2018-07-03 09:32:35",""
"51151152","2","2018-07-03 09:32:36",""
"51151154","2","2018-07-03 09:32:44",""
"51151155","2","2018-07-03 09:32:49",""
"51151158","2","2018-07-03 09:32:52",""
"51151160","2","2018-07-03 09:33:02",""
"51151161","1","2018-07-03 09:33:03","<shell><powershell><command-line><active-directory><ldap>"
"51151163","1","2018-07-03 09:33:11","<javascript><forms><vue.js>"
"51151165","2","2018-07-03 09:33:15",""
"51151166","1","2018-07-03 09:33:24","<c><bit-shift>"
"51151169","1","2018-07-03 09:33:28","<r><model.matrix>"
"51151170","2","2018-07-03 09:33:28",""
"51151172","2","2018-07-03 09:33:31",""
"51151173","1","2018-07-03 09:33:39","<javascript><jquery>"
"51151175","1","2018-07-03 09:33:44","<asp.net-web-api><.net-core>"
"51151176","1","2018-07-03 09:33:44","<jdbc><jboss><wildfly><keycloak><galera>"
"51151177","1","2018-07-03 09:33:50","<java><memory-management><garbage-collection><heap-memory><g1gc>"
"51151178","2","2018-07-03 09:33:52",""
"51151179","1","2018-07-03 09:33:53","<excel><vba>"
"51151180","1","2018-07-03 09:33:53","<gatsby>"
"51151181","2","2018-07-03 09:33:54",""
"51151182","1","2018-07-03 09:34:00","<java><android>"
"51151183","1","2018-07-03 09:34:02","<cookies><iframe><asp.net-core><identityserver4><c3.js>"
"51151184","2","2018-07-03 09:34:05",""
"51151185","2","2018-07-03 09:34:07",""
"51151186","1","2018-07-03 09:34:07","<angular><karma-jasmine><angular-unit-test>"
"51151187","2","2018-07-03 09:34:09",""
"51151188","1","2018-07-03 09:34:12","<c><memory-management><shared-memory>"
"51151189","1","2018-07-03 09:34:12","<c#><.net><entity-framework>"
"51151190","2","2018-07-03 09:34:14",""
"51151192","2","2018-07-03 09:34:17",""
"51151193","2","2018-07-03 09:34:27",""
"51151194","1","2018-07-03 09:34:29","<java><regex><automation><cucumber>"
"51151195","1","2018-07-03 09:34:30","<c#><asp.net><.net><double>"
"51151196","1","2018-07-03 09:34:30","<c#><exception>"
"51151198","2","2018-07-03 09:34:33",""
"51151199","1","2018-07-03 09:34:34","<database><ldap><sybase>"
"51151200","1","2018-07-03 09:34:41","<java><date>"
"51151201","1","2018-07-03 09:34:51","<reactjs><redux>"
"51151202","2","2018-07-03 09:34:52",""
"51151203","2","2018-07-03 09:34:54",""
"51151204","2","2018-07-03 09:34:57",""
"51151205","2","2018-07-03 09:34:58",""
"51151206","2","2018-07-03 09:35:05",""
"51151207","1","2018-07-03 09:35:05","<nginx><certificate><ssl-certificate><lets-encrypt><certbot>"
"51151208","2","2018-07-03 09:35:06",""
"51151209","1","2018-07-03 09:35:07","<image><react-native><styles><size><center>"
"51151210","1","2018-07-03 09:35:10","<angular><angular-material><angular-reactive-forms>"
"51151211","2","2018-07-03 09:35:16",""
"51151212","1","2018-07-03 09:35:17","<python><influxdb><influxdb-python>"
"51151214","1","2018-07-03 09:35:27","<javascript><angular><report><reporting><stimulsoft>"
"51151215","2","2018-07-03 09:35:29",""
"51151216","1","2018-07-03 09:35:29","<java><sql-server><stored-procedures><encryption><cryptography>"
"51151217","1","2018-07-03 09:35:32","<android><android-source>"
"51151218","1","2018-07-03 09:35:33","<python><django><url><login><views>"
"51151220","1","2018-07-03 09:35:36","<python><python-3.x><cryptography><rsa>"
"51151222","1","2018-07-03 09:35:44","<javascript><node.js><amazon-cognito>"
"51151226","1","2018-07-03 09:35:58","<python><python-3.x><dictionary>"
"51151227","1","2018-07-03 09:36:01","<c#><biometrics>"
"51151228","2","2018-07-03 09:36:03",""
"51151230","2","2018-07-03 09:36:11",""
"51151231","2","2018-07-03 09:36:13",""
"51151232","2","2018-07-03 09:36:15",""
"51151233","1","2018-07-03 09:36:16","<asp.net><entity-framework><asp.net-web-api><entity-framework-core>"
"51151234","1","2018-07-03 09:36:22","<unit-testing><go>"
"51151235","2","2018-07-03 09:36:29",""
"51151236","2","2018-07-03 09:36:32",""
"51151237","2","2018-07-03 09:36:37",""
"51151239","2","2018-07-03 09:36:44",""
"51151240","1","2018-07-03 09:36:46","<r>"
"51151242","1","2018-07-03 09:36:56","<mercurial><commit><atlassian-sourcetree><tortoisehg>"
"51151244","2","2018-07-03 09:37:01",""
"51151245","2","2018-07-03 09:37:05",""
"51151246","1","2018-07-03 09:37:12","<php><xml><symfony><doctrine-orm><domain-driven-design>"
"51151249","1","2018-07-03 09:37:19","<mysql><cdc><streamsets>"
"51151250","2","2018-07-03 09:37:20",""
"51151252","2","2018-07-03 09:37:28",""
"51151253","2","2018-07-03 09:37:29",""
"51151255","2","2018-07-03 09:37:33",""
"51151256","2","2018-07-03 09:37:35",""
"51151257","2","2018-07-03 09:37:37",""
"51151259","2","2018-07-03 09:37:41",""
"51151260","1","2018-07-03 09:37:41","<c#><unity3d>"
"51151261","2","2018-07-03 09:37:46",""
"51151262","2","2018-07-03 09:37:46",""
"51151263","1","2018-07-03 09:37:48","<python><csv><star-schema>"
"51151264","1","2018-07-03 09:37:48","<java><vaadin><vaadin10>"
"51151267","1","2018-07-03 09:37:56","<sql><sql-server>"
"51151269","1","2018-07-03 09:37:59","<ios><swift>"
"51151270","1","2018-07-03 09:38:03","<python><python-3.x><python-2.7><code-conversion>"
"51151271","1","2018-07-03 09:38:08","<linux><visual-c++>"
"51151272","1","2018-07-03 09:38:11","<amqp>"
"51151273","2","2018-07-03 09:38:11",""
"51151274","2","2018-07-03 09:38:16",""
"51151275","2","2018-07-03 09:38:20",""
"51151276","2","2018-07-03 09:38:22",""
"51151277","2","2018-07-03 09:38:37",""
"51151278","1","2018-07-03 09:38:38","<python><tensorflow>"
"51151279","2","2018-07-03 09:38:43",""
"51151281","2","2018-07-03 09:38:46",""
"51151282","2","2018-07-03 09:38:48",""
"51151283","2","2018-07-03 09:38:49",""
"51151284","2","2018-07-03 09:38:51",""
"51151289","1","2018-07-03 09:39:09","<python><django><linux><apache>"
"51151290","2","2018-07-03 09:39:19",""
"51151291","2","2018-07-03 09:39:21",""
"51151293","2","2018-07-03 09:39:22",""
"51151294","1","2018-07-03 09:39:26","<python><scikit-learn><distance><pairwise>"
"51151295","2","2018-07-03 09:39:28",""
"51151297","2","2018-07-03 09:39:33",""
"51151298","2","2018-07-03 09:39:44",""
"51151299","2","2018-07-03 09:39:48",""
"51151300","2","2018-07-03 09:39:49",""
"51151302","1","2018-07-03 09:39:57","<powershell><csv><foreach><sccm>"
"51151303","2","2018-07-03 09:40:02",""
"51151304","2","2018-07-03 09:40:05",""
"51151305","2","2018-07-03 09:40:05",""
"51151306","1","2018-07-03 09:40:08","<settings><ampps>"
"51151307","2","2018-07-03 09:40:08",""
"51151308","2","2018-07-03 09:40:14",""
"51151309","1","2018-07-03 09:40:16","<php>"
"51151310","1","2018-07-03 09:40:21","<c#><asp.net><database><oracle>"
"51151311","1","2018-07-03 09:40:22","<macos><crash><macos-mojave>"
"51151312","1","2018-07-03 09:40:27","<ios><objective-c><firebase><firebase-realtime-database>"
"51151313","1","2018-07-03 09:40:27","<reactjs><frontend><bar-chart>"
"51151314","1","2018-07-03 09:40:28","<java><azure><debugging><visual-studio-code><azure-functions>"
"51151315","1","2018-07-03 09:40:28","<linux><shell>"
"51151316","2","2018-07-03 09:40:34",""
"51151317","2","2018-07-03 09:40:39",""
"51151318","2","2018-07-03 09:40:40",""
"51151319","2","2018-07-03 09:40:41",""
"51151320","2","2018-07-03 09:40:46",""
"51151322","2","2018-07-03 09:40:59",""
"51151323","2","2018-07-03 09:41:00",""
"51151324","2","2018-07-03 09:41:04",""
"51151325","2","2018-07-03 09:41:04",""
"51151326","1","2018-07-03 09:41:06","<php><get>"
"51151327","1","2018-07-03 09:41:06","<java><performance><concurrency><apache-kafka><kafka-producer-api>"
"51151328","1","2018-07-03 09:41:06","<python><pandas><matplotlib>"
"51151329","1","2018-07-03 09:41:13","<ios><swift><gpuimage>"
"51151331","2","2018-07-03 09:41:27",""
"51151332","1","2018-07-03 09:41:28","<html>"
"51151334","1","2018-07-03 09:41:33","<javascript><java><jquery><adobe><pdfbox>"
"51151335","1","2018-07-03 09:41:39","<java><json><rest><jax-rs>"
"51151336","1","2018-07-03 09:41:39","<ios><cordova><plugman>"
"51151337","2","2018-07-03 09:41:42",""
"51151338","2","2018-07-03 09:41:46",""
"51151339","1","2018-07-03 09:41:46","<android>"
"51151340","2","2018-07-03 09:41:47",""
"51151341","1","2018-07-03 09:41:51","<regex><xml><rest><web><regular-language>"
"51151343","1","2018-07-03 09:42:06","<python><fetchall>"
"51151344","2","2018-07-03 09:42:08",""
"51151345","2","2018-07-03 09:42:09",""
"51151346","2","2018-07-03 09:42:11",""
"51151347","1","2018-07-03 09:42:17","<websphere>"
"51151348","1","2018-07-03 09:42:22","<php><apache><server>"
"51151350","2","2018-07-03 09:42:25",""
"51151351","2","2018-07-03 09:42:26",""
"51151352","2","2018-07-03 09:42:27",""
"51151353","1","2018-07-03 09:42:29","<node.js><express><filenames><multer>"
"51151354","2","2018-07-03 09:42:30",""
"51151355","2","2018-07-03 09:42:39",""
"51151356","2","2018-07-03 09:42:42",""
"51151357","1","2018-07-03 09:42:42","<c#><wpf><listview><selecteditem>"
"51151359","2","2018-07-03 09:42:54",""
"51151360","2","2018-07-03 09:42:56",""
"51151361","1","2018-07-03 09:42:58","<android>"
"51151362","1","2018-07-03 09:43:00","<install4j><linux-capabilities>"
"51151363","1","2018-07-03 09:43:00","<apache-nifi><apache-nifi-registry>"
"51151364","2","2018-07-03 09:43:04",""
"51151366","2","2018-07-03 09:43:13",""
"51151367","2","2018-07-03 09:43:14",""
"51151368","1","2018-07-03 09:43:16","<twitter-bootstrap><vue.js>"
"51151369","2","2018-07-03 09:43:17",""
"51151370","1","2018-07-03 09:43:25","<python-2.7><numpy><opencv>"
"51151371","2","2018-07-03 09:43:32",""
"51151372","2","2018-07-03 09:43:32",""
"51151373","2","2018-07-03 09:43:36",""
"51151374","1","2018-07-03 09:43:40","<javascript><node.js><socket.io>"
"51151376","2","2018-07-03 09:43:42",""
"51151377","2","2018-07-03 09:43:42",""
"51151378","2","2018-07-03 09:43:42",""
"51151379","1","2018-07-03 09:43:43","<node.js><mongodb>"
"51151382","1","2018-07-03 09:43:52","<elasticsearch><aggregation>"
"51151383","1","2018-07-03 09:43:56","<ios><swift><xcode><react-native><tvos>"
"51151386","1","2018-07-03 09:44:11","<html><css>"
"51151388","2","2018-07-03 09:44:17",""
"51151389","2","2018-07-03 09:44:18",""
"51151390","2","2018-07-03 09:44:29",""
"51151391","2","2018-07-03 09:44:34",""
"51151392","2","2018-07-03 09:44:38",""
"51151393","1","2018-07-03 09:44:44","<c#><richtextbox><rtf>"
"51151394","2","2018-07-03 09:44:50",""
"51151395","1","2018-07-03 09:44:52","<c++><class>"
"51151397","2","2018-07-03 09:44:59",""
"51151398","2","2018-07-03 09:45:00",""
"51151399","2","2018-07-03 09:45:13",""
"51151400","2","2018-07-03 09:45:13",""
"51151402","1","2018-07-03 09:45:14","<javascript><jquery><css><twitter-bootstrap>"
"51151403","2","2018-07-03 09:45:14",""
"51151404","2","2018-07-03 09:45:15",""
"51151405","2","2018-07-03 09:45:15",""
"51151406","1","2018-07-03 09:45:18","<angular><server-side-rendering>"
"51151407","2","2018-07-03 09:45:19",""
"51151408","1","2018-07-03 09:45:20","<c#><entity-framework><relational-database><lazy-loading>"
"51151409","1","2018-07-03 09:45:22","<qt><qt-signals><gmock><qtcpsocket><qt-slot>"
"51151411","1","2018-07-03 09:45:26","<javascript><html><angular><typescript><firebase>"
"51151412","2","2018-07-03 09:45:27",""
"51151413","2","2018-07-03 09:45:36",""
"51151414","2","2018-07-03 09:45:42",""
"51151415","1","2018-07-03 09:45:47","<r>"
"51151416","2","2018-07-03 09:45:49",""
"51151417","1","2018-07-03 09:45:52","<java><eclipse><eclipse-plugin>"
"51151418","1","2018-07-03 09:45:55","<groovy><soapui>"
"51152735","2","2018-07-03 10:50:41",""
"51152736","2","2018-07-03 10:50:51",""
"51152738","1","2018-07-03 10:50:51","<cassandra><datastax><datastax-enterprise><cassandra-2.1><tombstone>"
"51152740","1","2018-07-03 10:50:56","<ios><swift><xcode><scenekit><arkit>"
"51152741","1","2018-07-03 10:51:05","<azure><azure-table-storage><azure-data-factory><azure-data-factory-2>"
"51152743","1","2018-07-03 10:51:12","<google-cloud-platform><google-deployment-manager>"
"51152745","1","2018-07-03 10:51:13","<angular>"
"51152746","1","2018-07-03 10:51:13","<wordpress><shortcode><wordpress-shortcode>"
"51152748","1","2018-07-03 10:51:19","<email><smtp>"
"51152749","1","2018-07-03 10:51:21","<accessibility><smooth-scrolling>"
"51152750","2","2018-07-03 10:51:26",""
"51152751","2","2018-07-03 10:51:31",""
"51152752","2","2018-07-03 10:51:37",""
"51152753","2","2018-07-03 10:51:38",""
"51152755","2","2018-07-03 10:51:44",""
"51152756","1","2018-07-03 10:51:46","<c++><timer><poco>"
"51152757","2","2018-07-03 10:51:48",""
"51152758","2","2018-07-03 10:51:53",""
"51152759","2","2018-07-03 10:51:56",""
"51152760","2","2018-07-03 10:51:57",""
"51152762","1","2018-07-03 10:52:03","<r>"
"51152763","2","2018-07-03 10:52:05",""
"51152764","2","2018-07-03 10:52:05",""
"51152766","1","2018-07-03 10:52:18","<spring-batch>"
"51152767","2","2018-07-03 10:52:21",""
"51152768","2","2018-07-03 10:52:25",""
"51152769","2","2018-07-03 10:52:28",""
"51152770","1","2018-07-03 10:52:30","<jenkins><protractor>"
"51152772","2","2018-07-03 10:52:35",""
"51152773","2","2018-07-03 10:52:36",""
"51152774","1","2018-07-03 10:52:39","<java><sockets>"
"51152776","1","2018-07-03 10:52:40","<python><pandas><matplotlib><visualization><figures>"
"51152777","1","2018-07-03 10:52:42","<c#><asp.net-mvc><itext><pdf-generation>"
"51152778","1","2018-07-03 10:52:47","<c#><timer><refresh><paint><splitcontainer>"
"51152779","2","2018-07-03 10:52:50",""
"51152780","2","2018-07-03 10:52:52",""
"51152781","1","2018-07-03 10:52:57","<r><dplyr><tidyr><read.fwf>"
"51152783","2","2018-07-03 10:53:05",""
"51152784","2","2018-07-03 10:53:08",""
"51152785","1","2018-07-03 10:53:12","<jenkins><continuous-integration><jenkins-pipeline>"
"51152786","2","2018-07-03 10:53:12",""
"51152787","2","2018-07-03 10:53:12",""
"51152788","2","2018-07-03 10:53:15",""
"51152790","2","2018-07-03 10:53:17",""
"51152791","2","2018-07-03 10:53:17",""
"51152792","1","2018-07-03 10:53:19","<python><web-scraping><beautifulsoup><scrapy><urllib2>"
"51152793","1","2018-07-03 10:53:26","<reactjs><react-bootstrap>"
"51152797","2","2018-07-03 10:53:44",""
"51152801","2","2018-07-03 10:53:51",""
"51152802","1","2018-07-03 10:53:55","<javascript><css><navbar>"
"51152804","2","2018-07-03 10:54:10",""
"51152805","2","2018-07-03 10:54:12",""
"51152806","2","2018-07-03 10:54:14",""
"51152807","2","2018-07-03 10:54:17",""
"51152808","1","2018-07-03 10:54:26","<firebase><firebase-cloud-messaging><firebase-admin>"
"51152809","1","2018-07-03 10:54:27","<python><module><python-wheel><egg>"
"51152810","2","2018-07-03 10:54:30",""
"51152813","1","2018-07-03 10:54:36","<javascript><jquery><google-visualization>"
"51152814","1","2018-07-03 10:54:42","<c#><jquery><ajax><webmethod><insert-update>"
"51152815","1","2018-07-03 10:54:51","<.net><xslt><msxml>"
"51152816","2","2018-07-03 10:54:52",""
"51152817","1","2018-07-03 10:54:54","<c#><asp.net-core><asp.net-identity>"
"51152818","1","2018-07-03 10:54:54","<mysql><postgresql>"
"51152820","2","2018-07-03 10:54:56",""
"51152821","2","2018-07-03 10:54:56",""
"51152822","2","2018-07-03 10:54:57",""
"51152823","1","2018-07-03 10:55:00","<android>"
"51152824","2","2018-07-03 10:55:02",""
"51152825","2","2018-07-03 10:55:02",""
"51152827","2","2018-07-03 10:55:05",""
"51152828","2","2018-07-03 10:55:06",""
"51152831","2","2018-07-03 10:55:15",""
"51152832","1","2018-07-03 10:55:15","<methods><java-8><get><java-stream><collectors>"
"51152833","2","2018-07-03 10:55:23",""
"51152834","1","2018-07-03 10:55:24","<javascript><html>"
"51152835","1","2018-07-03 10:55:31","<kubernetes>"
"51152836","1","2018-07-03 10:55:47","<r><layout><graph><bar-chart>"
"51152838","1","2018-07-03 10:55:52","<vb.net><picturebox>"
"51152839","2","2018-07-03 10:55:54",""
"51152840","2","2018-07-03 10:55:55",""
"51152841","1","2018-07-03 10:55:57","<javascript><highcharts><bubble-chart><highcharts-boost>"
"51152843","2","2018-07-03 10:56:06",""
"51152844","2","2018-07-03 10:56:06",""
"51152845","1","2018-07-03 10:56:09","<php><apache><debian>"
"51152846","1","2018-07-03 10:56:10","<angular>"
"51152847","2","2018-07-03 10:56:14",""
"51152848","2","2018-07-03 10:56:24",""
"51152850","2","2018-07-03 10:56:33",""
"51152851","2","2018-07-03 10:56:34",""
"51152852","1","2018-07-03 10:56:36","<sql><sql-server><tsql>"
"51152853","2","2018-07-03 10:56:37",""
"51152855","2","2018-07-03 10:56:40",""
"51152856","2","2018-07-03 10:56:41",""
"51152857","2","2018-07-03 10:56:55",""
"51152858","2","2018-07-03 10:56:57",""
"51152859","2","2018-07-03 10:56:57",""
"51152860","1","2018-07-03 10:56:58","<networking><link-local>"
"51152861","1","2018-07-03 10:56:59","<php><sql><wordpress><woocommerce><orders>"
"51152863","2","2018-07-03 10:57:04",""
"51152866","2","2018-07-03 10:57:20",""
"51152868","1","2018-07-03 10:57:24","<c#><asp.net><url>"
"51152869","2","2018-07-03 10:57:25",""
"51152872","1","2018-07-03 10:57:32","<error-handling><angular2-routing>"
"51152874","2","2018-07-03 10:57:35",""
"51152875","2","2018-07-03 10:57:39",""
"51152876","1","2018-07-03 10:57:46","<sql><qt>"
"51152877","1","2018-07-03 10:57:46","<botframework>"
"51152878","2","2018-07-03 10:57:47",""
"51152879","2","2018-07-03 10:57:47",""
"51152881","2","2018-07-03 10:57:52",""
"51152882","1","2018-07-03 10:57:53","<operating-system>"
"51154368","2","2018-07-03 12:13:17",""
"51154369","1","2018-07-03 12:13:27","<cloudify>"
"51154370","1","2018-07-03 12:13:27","<sql><oracle><merge><division>"
"51154371","2","2018-07-03 12:13:30",""
"51154372","1","2018-07-03 12:13:38","<javascript><reactjs>"
"51154373","2","2018-07-03 12:13:43",""
"51154374","2","2018-07-03 12:13:46",""
"51154375","1","2018-07-03 12:13:48","<php><mysql><json><multidimensional-array><associative-array>"
"51154376","2","2018-07-03 12:13:49",""
"51154377","1","2018-07-03 12:13:50","<android><bluetooth-lowenergy><android-bluetooth><altbeacon>"
"51154378","2","2018-07-03 12:13:50",""
"51154379","2","2018-07-03 12:13:50",""
"51154380","2","2018-07-03 12:13:51",""
"51154381","1","2018-07-03 12:13:51","<html><css><hugo>"
"51154382","2","2018-07-03 12:13:58",""
"51154383","1","2018-07-03 12:14:06","<python><time-series><regression>"
"51154384","1","2018-07-03 12:14:07","<c++><class><variables>"
"51154385","2","2018-07-03 12:14:11",""
"51154386","2","2018-07-03 12:14:13",""
"51154387","2","2018-07-03 12:14:16",""
"51154388","2","2018-07-03 12:14:17",""
"51154390","1","2018-07-03 12:14:18","<mongodb><graphql>"
"51154391","1","2018-07-03 12:14:18","<r><tensorflow><neural-network><keras><lstm>"
"51154393","2","2018-07-03 12:14:25",""
"51154399","2","2018-07-03 12:14:36",""
"51154400","1","2018-07-03 12:14:41","<uwp>"
"51154401","1","2018-07-03 12:14:43","<java><sms><plivo>"
"51154403","2","2018-07-03 12:14:45",""
"51154408","1","2018-07-03 12:14:58","<apache-spark><hadoop><mapreduce><hdfs><distributed-computing>"
"51154409","2","2018-07-03 12:14:59",""
"51154412","2","2018-07-03 12:15:04",""
"51154414","2","2018-07-03 12:15:20",""
"51154415","2","2018-07-03 12:15:20",""
"51154417","1","2018-07-03 12:15:29","<java><command-line><stream><inputstream><bufferedreader>"
"51154419","1","2018-07-03 12:15:30","<javascript><arrays>"
"51154420","2","2018-07-03 12:15:33",""
"51154422","2","2018-07-03 12:15:41",""
"51154423","2","2018-07-03 12:15:44",""
"51154424","2","2018-07-03 12:15:47",""
"51154425","2","2018-07-03 12:15:48",""
"51154426","2","2018-07-03 12:15:49",""
"51154427","1","2018-07-03 12:15:51","<css><image><zooming>"
"51154428","2","2018-07-03 12:15:57",""
"51154429","1","2018-07-03 12:15:58","<scala><akka><akka-stream><akka-http>"
"51154430","2","2018-07-03 12:15:59",""
"51154431","2","2018-07-03 12:16:06",""
"51154433","2","2018-07-03 12:16:09",""
"51154434","2","2018-07-03 12:16:10",""
"51154435","1","2018-07-03 12:16:14","<python><loops><numpy><matrix><iteration>"
"51154436","1","2018-07-03 12:16:21","<maven><gradle><artifactory>"
"51154437","1","2018-07-03 12:16:26","<mongodb><ssl><mongodb-query>"
"51154439","2","2018-07-03 12:16:34",""
"51154441","2","2018-07-03 12:16:38",""
"51154442","2","2018-07-03 12:16:46",""
"51154443","2","2018-07-03 12:16:52",""
"51154444","1","2018-07-03 12:16:53","<mongodb>"
"51154445","1","2018-07-03 12:16:54","<php><api><paypal><sdk>"
"51154446","2","2018-07-03 12:16:54",""
"51154447","2","2018-07-03 12:16:57",""
"51154448","2","2018-07-03 12:16:59",""
"51154449","1","2018-07-03 12:16:59","<java>"
"51154450","1","2018-07-03 12:17:00","<python><django><virtualenv>"
"51154451","2","2018-07-03 12:17:00",""
"51154452","1","2018-07-03 12:17:00","<python><google-app-engine><deployment><cgi>"
"51154453","1","2018-07-03 12:17:00","<ms-access>"
"51154454","2","2018-07-03 12:17:01",""
"51154456","2","2018-07-03 12:17:11",""
"51154458","2","2018-07-03 12:17:14",""
"51154460","1","2018-07-03 12:17:15","<r><r-markdown><knitr><bookdown><reproducible-research>"
"51154461","1","2018-07-03 12:17:17","<c#><combinations>"
"51154462","1","2018-07-03 12:17:17","<jenkins><sonarqube>"
"51154464","1","2018-07-03 12:17:17","<garbage-collection><heap-dump>"
"51154465","2","2018-07-03 12:17:27",""
"51154466","1","2018-07-03 12:17:33","<fabricjs><fabricjs2>"
"51154468","2","2018-07-03 12:17:38",""
"51154469","1","2018-07-03 12:17:40","<reactjs><npm>"
"51154470","2","2018-07-03 12:17:44",""
"51154474","1","2018-07-03 12:17:53","<postgresql><delete-row><database-trigger>"
"51154475","1","2018-07-03 12:18:01","<protractor>"
"51154476","2","2018-07-03 12:18:02",""
"51154477","2","2018-07-03 12:18:02",""
"51154480","2","2018-07-03 12:18:20",""
"51154483","2","2018-07-03 12:18:28",""
"51154485","1","2018-07-03 12:18:30","<android><ios><xamarin><google-analytics><google-tag-manager>"
"51154486","1","2018-07-03 12:18:43","<c++><multithreading><concurrency>"
"51154487","2","2018-07-03 12:18:47",""
"51154488","1","2018-07-03 12:18:51","<laravel><macos><apache><localhost>"
"51154491","2","2018-07-03 12:19:00",""
"51154492","2","2018-07-03 12:19:01",""
"51154493","2","2018-07-03 12:19:01",""
"51154494","2","2018-07-03 12:19:03",""
"51154495","2","2018-07-03 12:19:03",""
"51154496","1","2018-07-03 12:19:10","<javascript><html><css><accordion>"
"51154497","1","2018-07-03 12:19:15","<javascript><typescript><babeljs>"
"51154498","2","2018-07-03 12:19:18",""
"51154500","2","2018-07-03 12:19:20",""
"51154501","2","2018-07-03 12:19:20",""
"51154502","2","2018-07-03 12:19:20",""
"51154504","2","2018-07-03 12:19:39",""
"51154505","1","2018-07-03 12:19:42","<html><razor><checkbox>"
"51154506","2","2018-07-03 12:19:46",""
"51154507","2","2018-07-03 12:19:48",""
"51154512","1","2018-07-03 12:19:57","<java><rest><spring-boot><jpa>"
"51154513","2","2018-07-03 12:20:02",""
"51154514","1","2018-07-03 12:20:05","<unity3d><vimeo>"
"51154515","2","2018-07-03 12:20:08",""
"51154518","2","2018-07-03 12:20:20",""
"51154520","2","2018-07-03 12:20:23",""
"51154521","1","2018-07-03 12:20:26","<java><android><firebase><firebase-realtime-database>"
"51154522","2","2018-07-03 12:20:27",""
"51154523","2","2018-07-03 12:20:27",""
"51154524","2","2018-07-03 12:20:29",""
"51154525","1","2018-07-03 12:20:31","<java><oracle><hibernate><jndi>"
"51154526","1","2018-07-03 12:20:38","<android><android-intent>"
"51154527","1","2018-07-03 12:20:38","<c++>"
"51154528","1","2018-07-03 12:20:39","<python><string><python-3.x><pandas><replace>"
"51154529","1","2018-07-03 12:20:40","<javascript><forms><validation><vue.js>"
"51154530","2","2018-07-03 12:21:07",""
"51154531","1","2018-07-03 12:21:17","<php><directory><codeigniter-3><rmdir>"
"51154532","1","2018-07-03 12:21:19","<spring-mvc><tomcat><serial-port><javax.comm>"
"51154533","2","2018-07-03 12:21:25",""
"51154536","2","2018-07-03 12:21:40",""
"51154537","2","2018-07-03 12:21:40",""
"51154538","2","2018-07-03 12:21:47",""
"51154540","2","2018-07-03 12:21:59",""
"51154541","2","2018-07-03 12:21:59",""
"51154542","1","2018-07-03 12:22:11","<android><xml><special-characters><xelement><ncr>"
"51154543","1","2018-07-03 12:22:13","<ajax><opencart>"
"51154544","2","2018-07-03 12:22:19",""
"51154545","1","2018-07-03 12:22:19","<php><html><forms><input>"
"51154548","2","2018-07-03 12:22:22",""
"51154549","2","2018-07-03 12:22:23",""
"51154550","2","2018-07-03 12:22:23",""
"51154551","2","2018-07-03 12:22:25",""
"51154553","2","2018-07-03 12:22:29",""
"51154554","1","2018-07-03 12:22:30","<sql><oracle><data-consistency>"
"51154555","2","2018-07-03 12:22:33",""
"51154556","1","2018-07-03 12:22:35","<r><string><split><ip-address>"
"51154557","1","2018-07-03 12:22:38","<playframework><playframework-2.6>"
"51154561","2","2018-07-03 12:22:47",""
"51154562","1","2018-07-03 12:22:55","<javascript><string><character-encoding><arraybuffer>"
"51154564","2","2018-07-03 12:22:58",""
"51154565","1","2018-07-03 12:23:02","<javascript><html><events><radio-button>"
"51154572","2","2018-07-03 12:23:22",""
"51154574","2","2018-07-03 12:23:32",""
"51154575","2","2018-07-03 12:23:34",""
"51154576","1","2018-07-03 12:23:37","<wordpress><woocommerce>"
"51154577","1","2018-07-03 12:23:49","<node.js><error-handling><promise><async-await>"
"51154579","1","2018-07-03 12:24:07","<javascript><cookies><google-analytics>"
"51154580","1","2018-07-03 12:24:08","<python><python-3.x><numpy><neural-network>"
"51154581","2","2018-07-03 12:24:12",""
"51154583","2","2018-07-03 12:24:16",""
"51154584","1","2018-07-03 12:24:18","<c#><wpf><converter>"
"51154586","2","2018-07-03 12:24:21",""
"51154588","1","2018-07-03 12:24:22","<c++>"
"51154589","2","2018-07-03 12:24:22",""
"51154590","2","2018-07-03 12:24:25",""
"51154592","1","2018-07-03 12:24:27","<asp.net-mvc><authentication><iis><logout>"
"51154593","1","2018-07-03 12:24:31","<php><forms>"
"51154595","1","2018-07-03 12:24:33","<vue.js><vuejs2><nuxt.js>"
"51154597","2","2018-07-03 12:24:34",""
"51154598","1","2018-07-03 12:24:35","<c#><botframework><direct-line-botframework>"
"51154600","2","2018-07-03 12:24:37",""
"51154601","2","2018-07-03 12:24:39",""
"51154602","1","2018-07-03 12:24:41","<javascript><html>"
"51154603","1","2018-07-03 12:24:47","<angular><typescript><angular2-forms><angular-reactive-forms><angular-forms>"
"51154605","2","2018-07-03 12:25:02",""
"51154607","1","2018-07-03 12:25:06","<python><scikit-learn><knn>"
"51154608","2","2018-07-03 12:25:08",""
"51154611","2","2018-07-03 12:25:18",""
"51154614","2","2018-07-03 12:25:26",""
"51154615","1","2018-07-03 12:25:28","<php>"
"51154616","2","2018-07-03 12:25:34",""
"51154617","2","2018-07-03 12:25:36",""
"51154618","1","2018-07-03 12:25:38","<javascript><arrays><json><swift3><alamofire>"
"51154620","1","2018-07-03 12:25:43","<optaplanner>"
"51154621","1","2018-07-03 12:25:44","<node.js><webpack><visual-studio-code><vscode-settings>"
"51154622","2","2018-07-03 12:25:47",""
"51154623","2","2018-07-03 12:25:55",""
"51154624","2","2018-07-03 12:25:59",""
"51154625","2","2018-07-03 12:26:00",""
"51154627","2","2018-07-03 12:26:09",""
"51154628","1","2018-07-03 12:26:11","<c#><powershell><office365><azure-active-directory><cmdlets>"
"51154630","1","2018-07-03 12:26:11","<angular><typescript>"
"51154631","2","2018-07-03 12:26:12",""
"51154632","1","2018-07-03 12:26:12","<c#>"
"51154633","1","2018-07-03 12:26:16","<macos><grpc>"
"51154637","2","2018-07-03 12:26:27",""
"51154638","2","2018-07-03 12:26:30",""
"51154639","2","2018-07-03 12:26:34",""
"51154640","1","2018-07-03 12:26:37","<wordpress><woocommerce>"
"51154643","1","2018-07-03 12:26:54","<file-upload><protractor>"
"51154644","2","2018-07-03 12:26:56",""
"51154645","2","2018-07-03 12:26:59",""
"51154646","2","2018-07-03 12:27:02",""
"51154647","2","2018-07-03 12:27:08",""
"51154648","2","2018-07-03 12:27:10",""
"51154649","1","2018-07-03 12:27:10","<ios><swift><eventkit>"
"51154650","2","2018-07-03 12:27:18",""
"51154651","1","2018-07-03 12:27:20","<java><android><video><ffmpeg><video-streaming>"
"51154653","1","2018-07-03 12:27:25","<oracle><ssis><oledb><dataflowtask>"
"51154655","2","2018-07-03 12:27:27",""
"51154656","2","2018-07-03 12:27:28",""
"51154657","2","2018-07-03 12:27:31",""
"51154658","2","2018-07-03 12:27:34",""
"51154660","2","2018-07-03 12:27:44",""
"51154661","1","2018-07-03 12:27:45","<vim>"
"51154662","2","2018-07-03 12:27:46",""
"51154663","2","2018-07-03 12:27:49",""
"51154664","2","2018-07-03 12:27:54",""
"51154665","1","2018-07-03 12:27:55","<react-native><flexbox>"
"51156179","1","2018-07-03 13:43:48","<git><continuous-integration><git-submodules><circleci><circleci-2.0>"
"51156180","1","2018-07-03 13:43:48","<html><css>"
"51156182","2","2018-07-03 13:43:52",""
"51156183","2","2018-07-03 13:43:58",""
"51156184","2","2018-07-03 13:44:00",""
"51156186","2","2018-07-03 13:44:04",""
"51156187","2","2018-07-03 13:44:05",""
"51156189","1","2018-07-03 13:44:15","<css><codeigniter><https><font-awesome><mixed-content>"
"51156190","1","2018-07-03 13:44:15","<c#><fortran>"
"51156191","2","2018-07-03 13:44:16",""
"51156192","2","2018-07-03 13:44:18",""
"51156193","1","2018-07-03 13:44:18","<java><gradle><intellij-idea>"
"51156194","1","2018-07-03 13:44:20","<ios><swift><firebase><persistence><nsuserdefaults>"
"51156195","1","2018-07-03 13:44:26","<couchdb>"
"51156196","1","2018-07-03 13:44:26","<javascript><reactjs><performance><react-redux>"
"51156197","1","2018-07-03 13:44:28","<django><django-views><django-urls>"
"51156199","2","2018-07-03 13:44:41",""
"51156200","2","2018-07-03 13:44:41",""
"51156202","1","2018-07-03 13:44:44","<oracle><excel><oledb><vba>"
"51156203","1","2018-07-03 13:44:45","<javascript><page-refresh>"
"51156204","1","2018-07-03 13:44:45","<java><cplex><simplex>"
"51156206","2","2018-07-03 13:44:46",""
"51156208","1","2018-07-03 13:44:52","<java><eclipse><javafx>"
"51156209","1","2018-07-03 13:44:53","<database-schema><dbix-class><perl>"
"51156210","1","2018-07-03 13:44:59","<angular><twitter-bootstrap><angular-routing>"
"51156212","1","2018-07-03 13:45:13","<javascript><canvas><leaflet><requestanimationframe>"
"51156213","1","2018-07-03 13:45:21","<json><swift><nsjsonserialization>"
"51156214","1","2018-07-03 13:45:25","<redirect><iis><networking><dns><alias>"
"51156215","2","2018-07-03 13:45:31",""
"51156216","2","2018-07-03 13:45:36",""
"51156217","2","2018-07-03 13:45:36",""
"51156218","2","2018-07-03 13:45:38",""
"51156219","1","2018-07-03 13:45:40","<mysql><sql><database><select>"
"51156220","1","2018-07-03 13:45:44","<javascript><jquery><html><css>"
"51156221","1","2018-07-03 13:45:45","<python><c><go>"
"51156222","2","2018-07-03 13:45:51",""
"51156223","2","2018-07-03 13:45:51",""
"51156224","2","2018-07-03 13:45:58",""
"51156225","2","2018-07-03 13:46:00",""
"51156227","2","2018-07-03 13:46:12",""
"51156228","1","2018-07-03 13:46:19","<javascript><jquery><google-maps><google-maps-api-3><google-places-api>"
"51156230","1","2018-07-03 13:46:30","<html><css><media-queries>"
"51156231","2","2018-07-03 13:46:30",""
"51156232","2","2018-07-03 13:46:33",""
"51156233","1","2018-07-03 13:46:34","<wpf><xps>"
"51156234","2","2018-07-03 13:46:35",""
"51156235","1","2018-07-03 13:46:36","<msbuild><.net-core><appveyor>"
"51156236","2","2018-07-03 13:46:36",""
"51156237","2","2018-07-03 13:46:36",""
"51156238","2","2018-07-03 13:46:37",""
"51156240","1","2018-07-03 13:46:46","<angularjs>"
"51156242","1","2018-07-03 13:46:46","<sql><sql-server><sql-server-2008>"
"51156244","2","2018-07-03 13:47:03",""
"51156245","2","2018-07-03 13:47:04",""
"51156246","2","2018-07-03 13:47:06",""
"51156248","1","2018-07-03 13:47:12","<php><vue.js><phpmailer><axios>"
"51156249","1","2018-07-03 13:47:14","<java><csv><export-to-excel>"
"51156250","2","2018-07-03 13:47:15",""
"51156251","2","2018-07-03 13:47:16",""
"51156252","2","2018-07-03 13:47:19",""
"51156253","2","2018-07-03 13:47:19",""
"51156254","1","2018-07-03 13:47:21","<perl><stored-procedures><sap-ase>"
"51156256","1","2018-07-03 13:47:25","<php><performance><yii2><profiling><xdebug>"
"51156257","1","2018-07-03 13:47:27","<sql><sql-server>"
"51156258","2","2018-07-03 13:47:28",""
"51156259","2","2018-07-03 13:47:35",""
"51156260","2","2018-07-03 13:47:38",""
"51156262","1","2018-07-03 13:47:41","<amazon-web-services><terraform>"
"51156263","1","2018-07-03 13:47:44","<python><c++><swig>"
"51156264","2","2018-07-03 13:47:45",""
"51156265","2","2018-07-03 13:47:45",""
"51156267","2","2018-07-03 13:47:53",""
"51156269","2","2018-07-03 13:47:53",""
"51156270","2","2018-07-03 13:47:54",""
"51156271","1","2018-07-03 13:47:53","<excel>"
"51156272","1","2018-07-03 13:47:54","<excel><vba><performance><outlook>"
"51156274","1","2018-07-03 13:48:02","<android>"
"51156275","2","2018-07-03 13:48:05",""
"51156276","2","2018-07-03 13:48:08",""
"51156277","2","2018-07-03 13:48:09",""
"51156278","1","2018-07-03 13:48:20","<json><reactjs><react-router><react-redux><data-mapping>"
"51156279","2","2018-07-03 13:48:25",""
"51156281","2","2018-07-03 13:48:36",""
"51156282","2","2018-07-03 13:48:37",""
"51156283","2","2018-07-03 13:48:41",""
"51156285","1","2018-07-03 13:48:44","<image><latex><png>"
"51156286","2","2018-07-03 13:48:46",""
"51156287","2","2018-07-03 13:48:50",""
"51156291","1","2018-07-03 13:49:03","<php><swift><firebase><push-notification><firebase-notifications>"
"51156292","1","2018-07-03 13:49:04","<c#><visual-studio><uwp>"
"51156293","2","2018-07-03 13:49:07",""
"51156295","2","2018-07-03 13:49:10",""
"51156298","1","2018-07-03 13:49:18","<java><keyboard>"
"51156300","2","2018-07-03 13:49:22",""
"51156301","2","2018-07-03 13:49:25",""
"51156304","2","2018-07-03 13:49:33",""
"51156305","1","2018-07-03 13:49:36","<go><go-pg>"
"51156306","2","2018-07-03 13:49:45",""
"51156309","2","2018-07-03 13:49:51",""
"51156311","2","2018-07-03 13:50:03",""
"51156312","1","2018-07-03 13:50:05","<java><android><httprequest>"
"51156313","1","2018-07-03 13:50:08","<postgresql>"
"51156314","2","2018-07-03 13:50:09",""
"51156315","1","2018-07-03 13:50:11","<xml><xslt><oxygenxml>"
"51156316","1","2018-07-03 13:50:11","<javascript><jquery>"
"51156317","2","2018-07-03 13:50:13",""
"51156318","2","2018-07-03 13:50:20",""
"51156319","2","2018-07-03 13:50:22",""
"51156320","2","2018-07-03 13:50:24",""
"51156321","2","2018-07-03 13:50:35",""
"51156323","1","2018-07-03 13:50:35","<c#><itext>"
"51156324","2","2018-07-03 13:50:36",""
"51156326","2","2018-07-03 13:50:42",""
"51156327","1","2018-07-03 13:50:43","<python><wsdl><zeep>"
"51156328","2","2018-07-03 13:50:44",""
"51156330","2","2018-07-03 13:50:48",""
"51156332","2","2018-07-03 13:50:49",""
"51156333","1","2018-07-03 13:50:51","<kendo-ui><kendo-chart><kendo-angular-ui>"
"51156334","1","2018-07-03 13:50:52","<node.js><mongoose>"
"51156336","2","2018-07-03 13:50:57",""
"51156337","1","2018-07-03 13:51:00","<sql-server><entity-relationship><data-science>"
"51156338","2","2018-07-03 13:51:00",""
"51156339","1","2018-07-03 13:51:00","<python><text><repeat>"
"51156340","1","2018-07-03 13:51:01","<asp.net><.net><asp.net-mvc><razor>"
"51156341","2","2018-07-03 13:51:03",""
"51156342","2","2018-07-03 13:51:14",""
"51156343","2","2018-07-03 13:51:14",""
"51156344","2","2018-07-03 13:51:15",""
"51156345","2","2018-07-03 13:51:19",""
"51156347","2","2018-07-03 13:51:30",""
"51156348","2","2018-07-03 13:51:31",""
"51156350","1","2018-07-03 13:51:35","<symfony><include><twig>"
"51156352","2","2018-07-03 13:51:36",""
"51156353","2","2018-07-03 13:51:37",""
"51156356","1","2018-07-03 13:51:42","<javascript><google-chrome>"
"51156357","2","2018-07-03 13:51:45",""
"51156358","1","2018-07-03 13:51:47","<sql><sql-server><aggregate><reporting>"
"51156359","1","2018-07-03 13:51:49","<arrays><multidimensional-array>"
"51156360","2","2018-07-03 13:51:51",""
"51156361","1","2018-07-03 13:51:59","<oracle><ms-access><vba>"
"51156362","1","2018-07-03 13:52:01","<redux>"
"51156363","2","2018-07-03 13:52:07",""
"51156364","2","2018-07-03 13:52:08",""
"51156365","2","2018-07-03 13:52:09",""
"51156366","1","2018-07-03 13:52:09","<c++><struct><c++17>"
"51156367","2","2018-07-03 13:52:11",""
"51156368","2","2018-07-03 13:52:19",""
"51156369","2","2018-07-03 13:52:21",""
"51156370","1","2018-07-03 13:52:21","<c#><google-api><google-oauth><google-api-dotnet-client><google-indexing-api>"
"51156371","2","2018-07-03 13:52:23",""
"51156372","2","2018-07-03 13:52:29",""
"51156374","1","2018-07-03 13:52:35","<node.js><nodemailer>"
"51156375","1","2018-07-03 13:52:37","<c#><mysql><.net>"
"51156376","2","2018-07-03 13:52:52",""
"51156377","2","2018-07-03 13:52:54",""
"51156378","2","2018-07-03 13:52:57",""
"51156379","1","2018-07-03 13:52:57","<android><ffmpeg>"
"51156380","2","2018-07-03 13:53:00",""
"51156381","2","2018-07-03 13:53:00",""
"51156382","2","2018-07-03 13:53:03",""